customer_key,customer_id,customer_name,segment
1,MS-17830,Melanie Seite,Consumer
2,SV-20365,Seth Vernon,Consumer
3,PO-19195,Phillina Ober,Home Office
4,CS-12250,Chris Selesnick,Corporate
5,AJ-10780,Anthony Jacobs,Corporate
6,DL-13315,Delfina Latchford,Consumer
7,HL-15040,Hunter Lopez,Consumer
8,MB-18085,Mick Brown,Consumer
9,EH-13990,Erica Hackney,Consumer
10,SD-20485,Shirley Daniels,Home Office
11,ND-18370,Natalie DeCherney,Consumer
12,JC-15340,Jasper Cacioppo,Consumer
13,LC-17050,Liz Carlisle,Consumer
14,EJ-13720,Ed Jacobs,Consumer
15,BD-11605,Brian Dahlen,Consumer
16,LS-17230,Lycoris Saunders,Consumer
17,DW-13195,David Wiener,Corporate
18,TS-21340,Toby Swindell,Consumer
19,MV-17485,Mark Van Huff,Consumer
20,XP-21865,Xylona Preis,Consumer
21,MV-18190,Mike Vittorini,Consumer
22,BS-11590,Brendan Sweed,Corporate
23,MM-18280,Muhammed MacIntyre,Corporate
24,JO-15145,Jack O'Briant,Corporate
25,ME-17320,Maria Etezadi,Home Office
26,VS-21820,Vivek Sundaresam,Consumer
27,DP-13000,Darren Powers,Consumer
28,CA-11965,Carol Adams,Corporate
29,IM-15055,Ionia McGrath,Consumer
30,MM-17920,Michael Moore,Consumer
31,SC-20095,Sanjit Chand,Consumer
32,BD-11500,Bradley Drucker,Consumer
33,CK-12760,Cyma Kinney,Corporate
34,MN-17935,Michael Nguyen,Consumer
35,TB-21400,Tom Boeckenhauer,Consumer
36,DB-13270,Deborah Brumfield,Home Office
37,CD-12790,Cynthia Delaney,Home Office
38,ND-18460,Neil Ducich,Corporate
39,TM-21010,Tamara Manning,Consumer
40,LC-16930,Linda Cazamias,Corporate
41,ST-20530,Shui Tom,Consumer
42,JH-15430,Jennifer Halladay,Consumer
43,NF-18385,Natalie Fritzler,Consumer
44,TB-21595,Troy Blackwell,Consumer
45,MG-17875,Michael Grace,Home Office
46,BF-11020,Barry Französisch,Corporate
47,SA-20830,Sue Ann Reed,Consumer
48,AB-10015,Aaron Bergman,Consumer
49,SR-20740,Steven Roelle,Home Office
50,MH-17440,Mark Haberlin,Corporate
51,EB-13930,Eric Barreto,Consumer
52,GA-14725,Guy Armstrong,Consumer
53,NM-18445,Nathan Mautz,Home Office
54,JS-16030,Joy Smith,Consumer
55,ML-17395,Marina Lichtenstein,Corporate
56,DB-13060,Dave Brooks,Consumer
57,CB-12025,Cassandra Brandow,Consumer
58,AJ-10945,Ashley Jarboe,Consumer
59,AS-10240,Alan Shonely,Consumer
60,AP-10720,Anne Pryor,Home Office
61,SW-20275,Scott Williamson,Consumer
62,BN-11515,Bradley Nguyen,Consumer
63,CK-12205,Chloris Kastensmidt,Consumer
64,CL-12565,Clay Ludtke,Consumer
65,CC-12685,Craig Carroll,Consumer
66,DK-13225,Dean Katz,Corporate
67,KT-16480,Kean Thornton,Consumer
68,AA-10315,Alex Avila,Consumer
69,CP-12340,Christine Phan,Corporate
70,AZ-10750,Annie Zypern,Consumer
71,SM-20320,Sean Miller,Home Office
72,CK-12325,Christine Kargatis,Home Office
73,BF-11275,Beth Fritzler,Corporate
74,KM-16720,Kunst Miller,Consumer
75,KA-16525,Kelly Andreada,Consumer
76,KN-16705,Kristina Nunn,Home Office
77,PO-18865,Patrick O'Donnell,Consumer
78,JD-15895,Jonathan Doherty,Corporate
79,VM-21835,Vivian Mathis,Consumer
80,CD-11920,Carlos Daly,Consumer
81,JF-15295,Jason Fortune-,Consumer
82,JO-15280,Jas O'Carroll,Consumer
83,DD-13570,Dorothy Dickinson,Consumer
84,NP-18685,Nora Pelletier,Home Office
85,Dl-13600,Dorris liebe,Corporate
86,TS-21205,Thomas Seio,Corporate
87,KB-16240,Karen Bern,Corporate
88,HR-14770,Hallie Redmond,Home Office
89,SG-20890,Susan Gilcrest,Corporate
90,EK-13795,Eileen Kiefer,Home Office
91,MC-17605,Matt Connell,Corporate
92,VF-21715,Vicky Freymann,Home Office
93,BG-11740,Bruce Geld,Consumer
94,FM-14215,Filia McAdams,Corporate
95,JS-15595,Jill Stevenson,Corporate
96,MG-18145,Mike Gockenbach,Consumer
97,SC-20050,Sample Company A,Home Office
98,SC-20020,Sam Craven,Consumer
99,KH-16690,Kristen Hastings,Corporate
100,MP-17470,Mark Packer,Home Office
101,MS-17710,Maurice Satty,Consumer
102,CV-12295,Christina VanderZanden,Consumer
103,SC-20380,Shahid Collister,Consumer
104,QJ-19255,Quincy Jones,Corporate
105,RB-19435,Richard Bierner,Consumer
106,GW-14605,Giulietta Weimer,Consumer
107,GM-14440,Gary McGarr,Consumer
108,NC-18340,Nat Carroll,Consumer
109,DR-12940,Daniel Raglin,Home Office
110,AB-10150,Aimee Bixby,Consumer
111,EJ-14155,Eva Jacobs,Consumer
112,DK-12835,Damala Kotsonis,Corporate
113,CA-12265,Christina Anderson,Consumer
114,RB-19465,Rick Bensley,Home Office
115,NF-18475,Neil Französisch,Home Office
116,TG-21640,Trudy Glocke,Consumer
117,CM-12715,Craig Molinari,Corporate
118,CS-12505,Cindy Stewart,Consumer
119,SP-20650,Stephanie Phelps,Corporate
120,TH-21550,Tracy Hopkins,Home Office
121,GP-14740,Guy Phonely,Corporate
122,LL-16840,Lauren Leatherbury,Consumer
123,AA-10375,Allen Armold,Consumer
124,TS-21160,Theresa Swint,Corporate
125,PK-18910,Paul Knutson,Home Office
126,DA-13450,Dianna Arnett,Home Office
127,MY-18295,Muhammed Yedwab,Corporate
128,AG-10300,Aleksandra Gannaway,Corporate
129,LC-16885,Lena Creighton,Consumer
130,KN-16450,Kean Nguyen,Corporate
131,HG-14845,Harry Greene,Consumer
132,GM-14695,Greg Maxwell,Corporate
133,LB-16795,Laurel Beltran,Home Office
134,PJ-19015,Pauline Johnson,Consumer
135,JL-15835,John Lee,Consumer
136,GB-14530,George Bell,Corporate
137,JK-15370,Jay Kimmel,Consumer
138,JM-15655,Jim Mitchum,Corporate
139,JG-15805,John Grady,Corporate
140,RS-19765,Roland Schwarz,Corporate
141,BT-11305,Beth Thompson,Home Office
142,NF-18595,Nicole Fjeld,Home Office
143,SE-20110,Sanjit Engle,Consumer
144,MZ-17515,Mary Zewe,Corporate
145,GM-14455,Gary Mitchum,Home Office
146,SC-20260,Scott Cohen,Corporate
147,KB-16585,Ken Black,Corporate
148,RD-19585,Rob Dowd,Consumer
149,RA-19885,Ruben Ausman,Corporate
150,AY-10555,Andy Yotov,Corporate
151,VM-21685,Valerie Mitchum,Home Office
152,LA-16780,Laura Armstrong,Corporate
153,PC-19000,Pauline Chand,Home Office
154,BF-11170,Ben Ferrer,Home Office
155,BP-11230,Benjamin Patterson,Consumer
156,AH-10030,Aaron Hawkins,Corporate
157,MH-17290,Marc Harrigan,Home Office
158,JS-15880,John Stevenson,Consumer
159,PS-18970,Paul Stevenson,Home Office
160,AG-10390,Allen Goldenen,Consumer
161,KH-16330,Katharine Harms,Corporate
162,KH-16360,Katherine Hughes,Consumer
163,MM-18055,Michelle Moray,Consumer
164,AI-10855,Arianne Irving,Consumer
165,JM-16195,Justin MacKendrick,Consumer
166,FH-14275,Frank Hawley,Corporate
167,AH-10690,Anna Häberlin,Corporate
168,DS-13180,David Smith,Corporate
169,DB-13555,Dorothy Badders,Corporate
170,SV-20785,Stewart Visinsky,Consumer
171,RD-19900,Ruben Dartt,Consumer
172,AG-10270,Alejandro Grove,Consumer
173,PG-18895,Paul Gonzalez,Consumer
174,AR-10510,Andrew Roberts,Consumer
175,MH-17785,Maya Herman,Corporate
176,AJ-10795,Anthony Johnson,Corporate
177,PG-18820,Patrick Gardner,Consumer
178,MW-18235,Mitch Willingham,Corporate
179,PM-18940,Paul MacIntyre,Consumer
180,LE-16810,Laurel Elliston,Consumer
181,HP-14815,Harold Pawlan,Home Office
182,AA-10480,Andrew Allen,Consumer
183,JS-15940,Joni Sundaresam,Home Office
184,RM-19375,Raymond Messe,Consumer
185,JL-15235,Janet Lee,Consumer
186,BS-11755,Bruce Stewart,Consumer
187,EH-14005,Erica Hernandez,Home Office
188,RF-19345,Randy Ferguson,Corporate
189,RP-19390,Resi Pölking,Consumer
190,HF-14995,Herbert Flentye,Consumer
191,Dp-13240,Dean percer,Home Office
192,PA-19060,Pete Armstrong,Home Office
193,BT-11530,Bradley Talbott,Home Office
194,TT-21070,Ted Trevino,Consumer
195,NP-18325,Naresj Patel,Consumer
196,EH-14185,Evan Henry,Consumer
197,SB-20290,Sean Braxton,Corporate
198,NC-18415,Nathan Cano,Consumer
199,BG-11695,Brooke Gillingham,Corporate
200,JH-15820,John Huston,Consumer
201,PF-19120,Peter Fuller,Consumer
202,SN-20710,Steve Nguyen,Home Office
203,EB-13870,Emily Burns,Consumer
204,EB-13840,Ellis Ballard,Corporate
205,PJ-18835,Patrick Jones,Corporate
206,SS-20410,Shahid Shariari,Consumer
207,FG-14260,Frank Gastineau,Home Office
208,CT-11995,Carol Triggs,Consumer
209,GT-14710,Greg Tran,Consumer
210,CS-11860,Cari Schnelling,Consumer
211,AF-10885,Art Foster,Consumer
212,JG-15160,James Galang,Consumer
213,PW-19030,Pauline Webber,Corporate
214,LW-16825,Laurel Workman,Corporate
215,JK-15625,Jim Karlsson,Consumer
216,BS-11365,Bill Shonely,Corporate
217,MM-17260,Magdelene Morse,Consumer
218,CC-12475,Cindy Chapman,Consumer
219,MC-17425,Mark Cousins,Corporate
220,MC-17590,Matt Collister,Corporate
221,GD-14590,Giulietta Dortch,Corporate
222,GM-14680,Greg Matthias,Consumer
223,VW-21775,Victoria Wilson,Corporate
224,BW-11065,Barry Weirich,Consumer
225,HD-14785,Harold Dahlen,Home Office
226,TD-20995,Tamara Dahlen,Consumer
227,BH-11710,Brosina Hoffman,Consumer
228,DW-13480,Dianna Wilson,Home Office
229,CR-12625,Corey Roper,Home Office
230,BP-11095,Bart Pistole,Corporate
231,JE-15745,Joel Eaton,Consumer
232,CW-11905,Carl Weiss,Home Office
233,DL-12865,Dan Lawera,Consumer
234,CA-12775,Cynthia Arntzen,Consumer
235,CM-12445,Chuck Magee,Consumer
236,KL-16555,Kelly Lampkin,Corporate
237,NS-18640,Noel Staavos,Corporate
238,HA-14905,Helen Abelman,Consumer
239,SC-20725,Steven Cartwright,Consumer
240,BM-11785,Bryan Mills,Consumer
241,FO-14305,Frank Olsen,Consumer
242,BS-11665,Brian Stugart,Consumer
243,GT-14635,Grant Thornton,Corporate
244,DV-13465,Dianna Vittorini,Consumer
245,LT-17110,Liz Thompson,Consumer
246,LM-17065,Liz MacKendrick,Consumer
247,SC-20575,Sonia Cooley,Consumer
248,RA-19915,Russell Applegate,Consumer
249,CS-11950,Carlos Soltero,Consumer
250,RW-19630,Rob Williams,Corporate
251,NW-18400,Natalie Webber,Consumer
252,AR-10825,Anthony Rawles,Corporate
253,KE-16420,Katrina Edelman,Corporate
254,AA-10645,Anna Andreadi,Consumer
255,DL-13330,Denise Leinenbach,Consumer
256,TB-21280,Toby Braunhardt,Consumer
257,MS-17980,Michael Stewart,Corporate
258,NR-18550,Nick Radford,Consumer
259,GK-14620,Grace Kelly,Corporate
260,SR-20425,Sharelle Roach,Home Office
261,SB-20170,Sarah Bern,Consumer
262,RB-19795,Ross Baird,Home Office
263,DB-13660,Duane Benoit,Consumer
264,VT-21700,Valerie Takahito,Home Office
265,GH-14425,Gary Hwang,Consumer
266,PS-18760,Pamela Stobb,Consumer
267,Co-12640,Corey-Lock,Consumer
268,BD-11620,Brian DeCherney,Consumer
269,BT-11440,Bobby Trafton,Consumer
270,RD-19480,Rick Duston,Consumer
271,LP-17080,Liz Pelletier,Consumer
272,HK-14890,Heather Kirkland,Corporate
273,MC-18100,Mick Crebagga,Consumer
274,AC-10420,Alyssa Crouse,Corporate
275,AG-10900,Arthur Gainer,Consumer
276,EM-14065,Erin Mull,Consumer
277,MC-17845,Michael Chen,Consumer
278,DC-12850,Dan Campbell,Consumer
279,EP-13915,Emily Phan,Consumer
280,ME-18010,Michelle Ellison,Corporate
281,AH-10120,Adrian Hane,Home Office
282,AW-10930,Arthur Wiediger,Home Office
283,CL-11890,Carl Ludwig,Consumer
284,KL-16645,Ken Lonsdale,Consumer
285,EH-13945,Eric Hoffmann,Consumer
286,PB-19150,Philip Brown,Consumer
287,KM-16375,Katherine Murray,Home Office
288,CA-12310,Christine Abelman,Corporate
289,BM-11650,Brian Moss,Corporate
290,DP-13390,Dennis Pardue,Home Office
291,SW-20245,Scot Wooten,Consumer
292,AS-10045,Aaron Smayling,Corporate
293,MH-18025,Michelle Huthwaite,Consumer
294,TS-21430,Tom Stivers,Corporate
295,DM-13525,Don Miller,Corporate
296,EM-14140,Eugene Moren,Home Office
297,CC-12145,Charles Crestani,Consumer
298,EB-13705,Ed Braxton,Corporate
299,MH-17455,Mark Hamilton,Consumer
300,BC-11125,Becky Castell,Home Office
301,MS-17770,Maxwell Schwartz,Consumer
302,RD-19720,Roger Demir,Consumer
303,SG-20470,Sheri Gordon,Consumer
304,ME-17725,Max Engle,Consumer
305,SS-20515,Shirley Schmidt,Home Office
306,HM-14860,Harry Marie,Corporate
307,BF-10975,Barbara Fisher,Corporate
308,GH-14410,Gary Hansen,Home Office
309,PV-18985,Paul Van Hugh,Home Office
310,BB-10990,Barry Blumstein,Corporate
311,JL-15130,Jack Lebron,Consumer
312,DS-13030,Darrin Sayre,Home Office
313,NC-18535,Nick Crebassa,Corporate
314,AB-10255,Alejandro Ballentine,Home Office
315,JL-15850,John Lucas,Consumer
316,LF-17185,Luke Foster,Consumer
317,ZD-21925,Zuschuss Donatelli,Consumer
318,RC-19960,Ryan Crowe,Consumer
319,CS-12130,Chad Sievert,Consumer
320,FM-14290,Frank Merwin,Home Office
321,AG-10525,Andy Gerbode,Corporate
322,LR-16915,Lena Radford,Consumer
323,BK-11260,Berenike Kampe,Consumer
324,VD-21670,Valerie Dominguez,Consumer
325,MB-17305,Maria Bertelson,Consumer
326,HH-15010,Hilary Holden,Corporate
327,TS-21610,Troy Staebel,Consumer
328,ED-13885,Emily Ducich,Home Office
329,RA-19945,Ryan Akin,Consumer
330,IL-15100,Ivan Liston,Consumer
331,RH-19495,Rick Hansen,Consumer
332,AS-10630,Ann Steele,Home Office
333,DJ-13510,Don Jones,Corporate
334,RB-19645,Robert Barroso,Corporate
335,JP-15460,Jennifer Patt,Corporate
336,KH-16510,Keith Herrera,Consumer
337,MG-17650,Matthew Grinstein,Home Office
338,SJ-20500,Shirley Jackson,Consumer
339,CC-12610,Corey Catlett,Corporate
340,JH-15985,Joseph Holt,Consumer
341,RF-19735,Roland Fjeld,Consumer
342,LH-16900,Lena Hernandez,Consumer
343,DE-13255,Deanra Eno,Home Office
344,MA-17560,Matt Abelman,Home Office
345,KB-16315,Karl Braun,Consumer
346,SS-20590,Sonia Sunley,Consumer
347,CR-12730,Craig Reiter,Consumer
348,RS-19420,Ricardo Sperren,Corporate
349,DW-13585,Dorothy Wardle,Corporate
350,JM-15265,Janet Molinari,Corporate
351,NZ-18565,Nick Zandusky,Home Office
352,MW-18220,Mitch Webber,Consumer
353,CS-12175,Charles Sheldon,Corporate
354,CS-12355,Christine Sundaresam,Consumer
355,AP-10915,Arthur Prichep,Consumer
356,GM-14500,Gene McClure,Consumer
357,PP-18955,Paul Prost,Home Office
358,BW-11200,Ben Wallace,Consumer
359,DH-13675,Duane Huffman,Home Office
360,JE-15715,Joe Elijah,Consumer
361,AT-10735,Annie Thurman,Consumer
362,TB-21625,Trudy Brown,Consumer
363,GZ-14470,Gary Zandusky,Consumer
364,JP-15520,Jeremy Pistek,Consumer
365,VG-21790,Vivek Gonzalez,Consumer
366,JF-15415,Jennifer Ferguson,Consumer
367,PF-19165,Philip Fox,Consumer
368,BM-11140,Becky Martin,Consumer
369,JB-15400,Jennifer Braxton,Corporate
370,EA-14035,Erin Ashbrook,Corporate
371,FA-14230,Frank Atkinson,Corporate
372,JD-16060,Julia Dunbar,Consumer
373,JG-15115,Jack Garza,Consumer
374,AJ-10960,Astrea Jones,Consumer
375,BN-11470,Brad Norvell,Corporate
376,ES-14020,Erica Smith,Consumer
377,LH-17020,Lisa Hazard,Consumer
378,AG-10765,Anthony Garverick,Home Office
379,MS-17365,Maribeth Schnelling,Consumer
380,JM-15535,Jessica Myrick,Consumer
381,LT-16765,Larry Tron,Consumer
382,KC-16255,Karen Carlisle,Corporate
383,GZ-14545,George Zrebassa,Corporate
384,KT-16465,Kean Takahito,Consumer
385,KD-16495,Keith Dawkins,Corporate
386,HG-14965,Henry Goldwyn,Corporate
387,KW-16570,Kelly Williams,Consumer
388,NP-18700,Nora Preis,Consumer
389,NB-18580,Nicole Brennan,Corporate
390,RR-19525,Rick Reed,Corporate
391,DK-13375,Dennis Kane,Consumer
392,MT-18070,Michelle Tran,Home Office
393,CS-12400,Christopher Schild,Home Office
394,DB-13615,Doug Bickford,Consumer
395,PT-19090,Pete Takahito,Consumer
396,TH-21100,Thea Hendricks,Consumer
397,LC-17140,Logan Currie,Consumer
398,JC-15775,John Castell,Consumer
399,ON-18715,Odella Nelson,Corporate
400,SM-20950,Suzanne McNair,Corporate
401,MA-17995,Michelle Arnett,Home Office
402,SP-20620,Stefania Perrino,Corporate
403,MC-17275,Marc Crier,Consumer
404,KD-16345,Katherine Ducich,Consumer
405,DM-13015,Darrin Martin,Consumer
406,DN-13690,Duane Noonan,Consumer
407,SZ-20035,Sam Zeldin,Home Office
408,PR-18880,Patrick Ryan,Consumer
409,TA-21385,Tom Ashbrook,Home Office
410,KF-16285,Karen Ferguson,Home Office
411,JK-15640,Jim Kriz,Home Office
412,VG-21805,Vivek Grady,Corporate
413,LD-17005,Lisa DeCherney,Consumer
414,LW-17125,Liz Willingham,Consumer
415,MF-18250,Monica Federle,Corporate
416,VP-21760,Victoria Pisteka,Corporate
417,TH-21115,Thea Hudgings,Corporate
418,BF-11005,Barry Franz,Home Office
419,LH-16750,Larry Hughes,Consumer
420,MC-18130,Mike Caudle,Corporate
421,DM-12955,Dario Medina,Corporate
422,JP-16135,Julie Prescott,Home Office
423,JA-15970,Joseph Airdo,Consumer
424,DL-12925,Daniel Lacy,Consumer
425,SF-20065,Sandra Flanagan,Consumer
426,LR-17035,Lisa Ryan,Corporate
427,CC-12220,Chris Cortes,Consumer
428,MR-17545,Mathew Reese,Home Office
429,SB-20185,Sarah Brown,Consumer
430,SL-20155,Sara Luxemburg,Home Office
431,TT-21220,Thomas Thornton,Consumer
432,LW-17215,Luke Weiss,Consumer
433,AS-10090,Adam Shillingsburg,Consumer
434,EB-14170,Evan Bailliet,Consumer
435,MG-17680,Maureen Gastineau,Home Office
436,ZC-21910,Zuschuss Carroll,Consumer
437,BP-11290,Beth Paige,Consumer
438,JF-15490,Jeremy Farry,Consumer
439,TB-21520,Tracy Blumstein,Consumer
440,AS-10225,Alan Schoenberger,Corporate
441,GG-14650,Greg Guthrie,Corporate
442,AR-10405,Allen Rosenblatt,Corporate
443,DB-12910,Daniel Byrd,Home Office
444,DF-13135,David Flashing,Consumer
445,ES-14080,Erin Smith,Corporate
446,JF-15565,Jill Fjeld,Consumer
447,TS-21370,Todd Sumrall,Corporate
448,HA-14920,Helen Andreada,Consumer
449,AM-10705,Anne McFarland,Consumer
450,AH-10585,Angele Hood,Consumer
451,TN-21040,Tanja Norvell,Home Office
452,AC-10450,Amy Cox,Consumer
453,AC-10660,Anna Chung,Consumer
454,JE-15610,Jim Epp,Corporate
455,JD-16015,Joy Daniels,Consumer
456,EH-13765,Edward Hooks,Corporate
457,LS-17200,Luke Schmidt,Corporate
458,AM-10360,Alice McCarthy,Corporate
459,DO-13435,Denny Ordway,Consumer
460,HG-15025,Hunter Glantz,Consumer
461,LS-17245,Lynn Smith,Consumer
462,BD-11635,Brian Derr,Consumer
463,SF-20965,Sylvia Foulston,Corporate
464,SP-20545,Sibella Parks,Corporate
465,FH-14365,Fred Hopkins,Corporate
466,LS-16975,Lindsay Shagiari,Home Office
467,IG-15085,Ivan Gibson,Consumer
468,BT-11395,Bill Tyler,Corporate
469,RD-19930,Russell D'Ascenzo,Consumer
470,NL-18310,Nancy Lomonaco,Home Office
471,FC-14335,Fred Chung,Corporate
472,RP-19270,Rachel Payne,Corporate
473,RD-19810,Ross DeVincentis,Home Office
474,BP-11050,Barry Pond,Corporate
475,EH-14125,Eugene Hildebrand,Home Office
476,NC-18625,Noah Childs,Corporate
477,TC-21295,Toby Carlisle,Consumer
478,PK-19075,Pete Kriz,Consumer
479,RM-19675,Robert Marley,Home Office
480,NG-18430,Nathan Gelder,Consumer
481,TZ-21580,Tracy Zic,Consumer
482,HR-14830,Harold Ryan,Corporate
483,BS-11380,Bill Stewart,Corporate
484,RF-19840,Roy Französisch,Consumer
485,JF-15190,Jamie Frazer,Consumer
486,BF-11080,Bart Folk,Consumer
487,ML-17410,Maris LaWare,Consumer
488,JL-15505,Jeremy Lonsdale,Consumer
489,PW-19240,Pierre Wener,Consumer
490,JM-15865,John Murray,Consumer
491,PB-19105,Peter Bühler,Consumer
492,MS-17530,MaryBeth Skach,Consumer
493,YC-21895,Yoseph Carroll,Corporate
494,TC-20980,Tamara Chand,Corporate
495,CM-11815,Candace McMahon,Corporate
496,KD-16270,Karen Daniels,Consumer
497,DH-13075,Dave Hallsten,Corporate
498,RB-19330,Randy Bradley,Consumer
499,SS-20140,Saphhira Shifley,Corporate
500,RH-19510,Rick Huthwaite,Home Office
501,TC-21475,Tony Chapman,Home Office
502,MO-17500,Mary O'Rourke,Consumer
503,DM-13345,Denise Monton,Corporate
504,SP-20920,Susan Pistek,Consumer
505,AR-10540,Andy Reiter,Consumer
506,DK-12985,Darren Koutras,Consumer
507,KH-16630,Ken Heidel,Corporate
508,AB-10600,Ann Blume,Corporate
509,WB-21850,William Brown,Consumer
510,AH-10210,Alan Hwang,Consumer
511,GR-14560,Georgia Rosenberg,Corporate
512,MP-18175,Mike Pelletier,Home Office
513,SG-20605,Speros Goranitis,Consumer
514,PB-19210,Phillip Breyer,Corporate
515,AH-10075,Adam Hart,Corporate
516,AB-10165,Alan Barnes,Consumer
517,JK-15325,Jason Klamczynski,Corporate
518,DB-12970,Darren Budd,Corporate
519,TH-21235,Tiffany House,Corporate
520,PL-18925,Paul Lucas,Home Office
521,PO-18850,Patrick O'Brill,Consumer
522,NG-18355,Nat Gilpin,Corporate
523,SH-20395,Shahid Hopkins,Consumer
524,SM-20005,Sally Matthias,Consumer
525,JK-16120,Julie Kriz,Home Office
526,JK-15730,Joe Kamberova,Consumer
527,SW-20755,Steven Ward,Corporate
528,SC-20680,Steve Carroll,Home Office
529,DB-13360,Dennis Bolton,Home Office
530,BF-11215,Benjamin Farhat,Home Office
531,DG-13300,Deirdre Greer,Corporate
532,BT-11680,Brian Thompson,Consumer
533,JD-16150,Justin Deggeller,Corporate
534,JC-16105,Julie Creighton,Corporate
535,TC-21535,Tracy Collins,Home Office
536,MK-17905,Michael Kennedy,Corporate
537,MC-17635,Matthew Clasen,Corporate
538,MD-17350,Maribeth Dona,Consumer
539,AD-10180,Alan Dominguez,Home Office
540,BG-11035,Barry Gonzalez,Consumer
541,DK-13150,David Kendrick,Corporate
542,KB-16600,Ken Brennan,Corporate
543,SP-20860,Sung Pak,Corporate
544,MK-18160,Mike Kennedy,Consumer
545,DP-13165,David Philippe,Consumer
546,DC-13285,Debra Catini,Consumer
547,RC-19825,Roy Collins,Consumer
548,PS-19045,Penelope Sewall,Home Office
549,AT-10435,Alyssa Tate,Home Office
550,IM-15070,Irene Maddox,Consumer
551,PC-18745,Pamela Coakley,Corporate
552,TB-21175,Thomas Boland,Corporate
553,TR-21325,Toby Ritter,Consumer
554,CP-12085,Cathy Prescott,Corporate
555,MD-17860,Michael Dominguez,Corporate
556,CC-12100,Chad Cunningham,Home Office
557,CY-12745,Craig Yedwab,Corporate
558,SF-20200,Sarah Foster,Consumer
559,CK-12595,Clytie Kelty,Consumer
560,TS-21505,Tony Sayre,Consumer
561,RA-19285,Ralph Arnett,Consumer
562,TB-21250,Tim Brockman,Consumer
563,MF-17665,Maureen Fritzler,Corporate
564,AB-10105,Adrian Barton,Consumer
565,EC-14050,Erin Creighton,Consumer
566,MG-17695,Maureen Gnade,Consumer
567,LH-17155,Logan Haushalter,Consumer
568,KN-16390,Katherine Nockton,Corporate
569,SC-20695,Steve Chapman,Corporate
570,NB-18655,Nona Balk,Corporate
571,SS-20875,Sung Shariari,Consumer
572,SH-19975,Sally Hughsby,Corporate
573,TB-21190,Thomas Brumley,Home Office
574,KM-16660,Khloe Miller,Consumer
575,MC-17575,Matt Collins,Consumer
576,SH-20635,Stefanie Holloman,Corporate
577,MG-17890,Michael Granlund,Home Office
578,FP-14320,Frank Preis,Consumer
579,AR-10345,Alex Russell,Corporate
580,RL-19615,Rob Lucas,Consumer
581,JB-15925,Joni Blumstein,Consumer
582,JL-15175,James Lanier,Home Office
583,KC-16675,Kimberly Carter,Corporate
584,EM-13825,Elizabeth Moffitt,Corporate
585,DJ-13420,Denny Joy,Corporate
586,CC-12670,Craig Carreira,Consumer
587,RE-19405,Ricardo Emerson,Consumer
588,CS-11845,Cari Sayre,Corporate
589,TW-21025,Tamara Willingham,Home Office
590,CB-12535,Claudia Bergmann,Corporate
591,AH-10465,Amy Hunt,Consumer
592,YS-21880,Yana Sorensen,Corporate
593,AG-10495,Andrew Gjertsen,Corporate
594,CR-12820,Cyra Reiten,Home Office
595,KS-16300,Karen Seio,Corporate
596,SC-20305,Sean Christensen,Consumer
597,CS-12490,Cindy Schnelling,Corporate
598,RP-19855,Roy Phan,Corporate
599,RW-19540,Rick Wilson,Corporate
600,SJ-20215,Sarah Jordon,Consumer
601,GT-14755,Guy Thornton,Consumer
602,NP-18670,Nora Paige,Consumer
603,TS-21655,Trudy Schmidt,Consumer
604,LC-16960,Lindsay Castell,Home Office
605,LO-17170,Lori Olson,Corporate
606,DK-13090,Dave Kipp,Consumer
607,CM-12385,Christopher Martinez,Consumer
608,DB-13210,Dean Braden,Consumer
609,BW-11110,Bart Watters,Corporate
610,BV-11245,Benjamin Venier,Corporate
611,JE-15475,Jeremy Ellison,Consumer
612,JO-15550,Jesus Ocampo,Home Office
613,BP-11185,Ben Peterman,Corporate
614,EB-13750,Edward Becker,Corporate
615,DK-12895,Dana Kaydos,Consumer
616,AH-10195,Alan Haines,Corporate
617,JJ-15445,Jennifer Jackson,Consumer
618,JW-16075,Julia West,Consumer
619,CM-12115,Chad McGuire,Consumer
620,TG-21310,Toby Gnade,Consumer
621,FW-14395,Fred Wasserman,Corporate
622,TP-21565,Tracy Poddar,Corporate
623,AW-10840,Anthony Witt,Consumer
624,GA-14515,George Ashbrook,Consumer
625,MO-17950,Michael Oakman,Consumer
626,HJ-14875,Heather Jas,Home Office
627,JD-15790,John Dryer,Consumer
628,JK-16090,Juliana Krohn,Consumer
629,LS-16945,Linda Southworth,Corporate
630,EB-14110,Eugene Barchas,Consumer
631,OT-18730,Olvera Toch,Consumer
632,JW-15220,Jane Waco,Corporate
633,MP-17965,Michael Paige,Corporate
634,TP-21130,Theone Pippenger,Consumer
635,NK-18490,Neil Knudson,Home Office
636,JH-16180,Justin Hirsh,Consumer
637,AG-10675,Anna Gayman,Consumer
638,JB-16045,Julia Barnett,Home Office
639,DB-13120,David Bremer,Corporate
640,EN-13780,Edward Nazzal,Consumer
641,RO-19780,Rose O'Brian,Consumer
642,SV-20815,Stuart Van,Corporate
643,BD-11320,Bill Donatelli,Consumer
644,LC-16870,Lena Cacioppo,Consumer
645,ML-18265,Muhammed Lee,Consumer
646,BD-11560,Brendan Dodson,Home Office
647,CH-12070,Cathy Hwang,Home Office
648,SN-20560,Skye Norling,Home Office
649,EM-13810,Eleni McCrary,Corporate
650,SC-20770,Stewart Carmichael,Corporate
651,GB-14575,Giulietta Baptist,Consumer
652,MJ-17740,Max Jones,Consumer
653,JH-15910,Jonathan Howell,Consumer
654,BP-11155,Becky Pak,Consumer
655,FC-14245,Frank Carlisle,Home Office
656,BB-11545,Brenda Bowman,Corporate
657,SW-20455,Shaun Weien,Consumer
658,CG-12040,Catherine Glotzbach,Home Office
659,BD-11725,Bruce Degenhardt,Consumer
660,KM-16225,Kalyca Meade,Corporate
661,TS-21085,Thais Sissman,Consumer
662,RK-19300,Ralph Kennedy,Consumer
663,VP-21730,Victor Preis,Home Office
664,RH-19600,Rob Haberlin,Consumer
665,FM-14380,Fred McMath,Consumer
666,VB-21745,Victoria Brennan,Corporate
667,DP-13105,Dave Poirier,Corporate
668,SC-20440,Shaun Chance,Corporate
669,RB-19705,Roger Barcio,Home Office
670,TT-21265,Tim Taslimi,Corporate
671,FH-14350,Fred Harton,Consumer
672,KW-16435,Katrina Willman,Consumer
673,BE-11455,Brad Eason,Home Office
674,PN-18775,Parhena Norris,Home Office
675,RE-19450,Richard Eichhorn,Consumer
676,DB-13405,Denny Blanton,Consumer
677,PO-19180,Philisse Overcash,Home Office
678,EM-14095,Eudokia Martin,Corporate
679,JW-15955,Joni Wasserman,Consumer
680,MO-17800,Meg O'Connel,Home Office
681,BM-11575,Brendan Murry,Corporate
682,BS-11800,Bryan Spruell,Home Office
683,CC-12430,Chuck Clark,Home Office
684,NM-18520,Neoma Murray,Consumer
685,CA-12055,Cathy Armstrong,Home Office
686,JR-16210,Justin Ritter,Corporate
687,AB-10060,Adam Bellavance,Home Office
688,NH-18610,Nicole Hansen,Corporate
689,CM-12190,Charlotte Melton,Consumer
690,DR-12880,Dan Reichenbach,Corporate
691,BO-11425,Bobby Odegard,Consumer
692,HW-14935,Helen Wasserman,Corporate
693,AC-10615,Ann Chong,Corporate
694,CM-11935,Carlos Meador,Consumer
695,SJ-20125,Sanjit Jacobs,Home Office
696,JK-15205,Jamie Kunitz,Consumer
697,SO-20335,Sean O'Donnell,Consumer
698,JJ-15760,Joel Jenkins,Home Office
699,MY-17380,Maribeth Yedwab,Corporate
700,SG-20080,Sandra Glassco,Consumer
701,JF-15355,Jay Fein,Consumer
702,RD-19660,Robert Dilbeck,Home Office
703,CG-12520,Claire Gute,Consumer
704,HM-14980,Henry MacAllister,Consumer
705,GH-14485,Gene Hale,Corporate
706,EM-13960,Eric Murdock,Consumer
707,MT-17815,Meg Tillman,Consumer
708,KC-16540,Kelly Collister,Consumer
709,CM-12655,Corinna Mitchell,Home Office
710,MZ-17335,Maria Zettner,Home Office
711,TP-21415,Tom Prescott,Consumer
712,GH-14665,Greg Hansen,Consumer
713,PB-18805,Patrick Bzostek,Home Office
714,KB-16405,Katrina Bavinger,Home Office
715,DO-13645,Doug O'Connell,Consumer
716,CB-12415,Christy Brittain,Consumer
717,EG-13900,Emily Grady,Consumer
718,BT-11485,Brad Thomas,Home Office
719,JR-15670,Jim Radford,Consumer
720,TT-21460,Tonja Turnell,Home Office
721,SC-20800,Stuart Calhoun,Consumer
722,DJ-13630,Doug Jacobs,Consumer
723,RH-19555,Ritsa Hightower,Consumer
724,ER-13855,Elpida Rittenbach,Corporate
725,MH-17620,Matt Hagelstein,Corporate
726,DL-13495,Dionis Lloyd,Corporate
727,AF-10870,Art Ferguson,Consumer
728,SU-20665,Stephanie Ulpright,Home Office
729,EM-14200,Evan Minnotte,Home Office
730,PM-19135,Peter McVee,Home Office
731,EB-13975,Erica Bern,Corporate
732,TB-21355,Todd Boyes,Corporate
733,BE-11335,Bill Eplett,Home Office
734,JB-16000,Joy Bell-,Consumer
735,HE-14800,Harold Engle,Corporate
736,BO-11350,Bill Overfelt,Corporate
737,BE-11410,Bobby Elias,Consumer
738,DW-13540,Don Weiss,Consumer
739,HZ-14950,Henia Zydlo,Consumer
740,CJ-12010,Caroline Jumper,Consumer
741,SV-20935,Susan Vittorini,Consumer
742,JG-15310,Jason Gross,Corporate
743,JM-15250,Janet Martin,Consumer
744,BD-11770,Bryan Davis,Consumer
745,RB-19360,Raymond Buch,Consumer
746,EL-13735,Ed Ludwig,Home Office
747,CR-12580,Clay Rozendal,Home Office
748,KD-16615,Ken Dana,Corporate
749,SW-20350,Sean Wendt,Home Office
750,CL-12700,Craig Leslie,Home Office
751,JM-15580,Jill Matthias,Consumer
752,RB-19570,Rob Beeghly,Consumer
753,RW-19690,Robert Waldorf,Consumer
754,CM-12235,Chris McAfee,Consumer
755,CC-12370,Christopher Conant,Consumer
756,AS-10285,Alejandro Savely,Corporate
757,LW-16990,Lindsay Williams,Corporate
758,CV-12805,Cynthia Voltz,Corporate
759,SM-20905,Susan MacKendrick,Consumer
760,DV-13045,Darrin Van Huff,Corporate
761,TB-21055,Ted Butterfield,Consumer
762,SC-20230,Scot Coram,Corporate
763,LD-16855,Lela Donovan,Corporate
764,JS-15685,Jim Sink,Corporate
765,RS-19870,Roy Skaria,Home Office
766,PF-19225,Phillip Flathmann,Consumer
767,LB-16735,Larry Blacks,Consumer
768,AR-10570,Anemone Ratner,Consumer
769,ML-17755,Max Ludwig,Home Office
770,MH-18115,Mick Hernandez,Home Office
771,AO-10810,Anthony O'Donnell,Corporate
772,AG-10330,Alex Grayson,Consumer
773,LP-17095,Liz Preis,Consumer
774,CM-12160,Charles McCrossin,Consumer
775,SK-19990,Sally Knutson,Consumer
776,NS-18505,Neola Schneider,Consumer
777,AS-10135,Adrian Shami,Home Office
778,CD-11980,Carol Darley,Consumer
779,RR-19315,Ralph Ritter,Consumer
780,SC-20845,Sung Chung,Consumer
781,JE-16165,Justin Ellison,Corporate
782,CJ-11875,Carl Jackson,Corporate
783,RM-19750,Roland Murray,Consumer
784,TM-21490,Tony Molinari,Consumer
785,ML-18040,Michelle Lonsdale,Corporate
786,MG-18205,Mitch Gastineau,Corporate
787,CC-12550,Clay Cheatham,Consumer
788,CS-12460,Chuck Sachs,Consumer
789,JC-15385,Jenna Caffey,Consumer
790,TC-21145,Theresa Coyne,Corporate
791,PH-18790,Patricia Hirasaki,Home Office
792,JR-15700,Jocasta Rupert,Consumer
793,CD-12280,Christina DeMoss,Consumer
